<?xml version="1.0" encoding="UTF-8"?>
<root>
  <item name="io.saeid.fabloading.LoadingView io.saeid.fabloading.LoadingView addAnimation(int, int, int) 2">
    <annotation name="android.support.annotation.IntDef">
      <val name="value" val="{io.saeid.fabloading.LoadingView.FROM_LEFT, io.saeid.fabloading.LoadingView.FROM_TOP, io.saeid.fabloading.LoadingView.FROM_RIGHT, io.saeid.fabloading.LoadingView.FROM_BOTTOM}" />
    </annotation>
  </item>
  <item name="io.saeid.fabloading.LoadingView.AnimationMode">
    <annotation name="android.support.annotation.IntDef">
      <val name="value" val="{io.saeid.fabloading.LoadingView.FROM_LEFT, io.saeid.fabloading.LoadingView.FROM_TOP, io.saeid.fabloading.LoadingView.FROM_RIGHT, io.saeid.fabloading.LoadingView.FROM_BOTTOM}" />
    </annotation>
  </item>
  <item name="io.saeid.fabloading.LoadingView.LoadingItem LoadingItem(int, int, int) 2">
    <annotation name="android.support.annotation.IntDef">
      <val name="value" val="{io.saeid.fabloading.LoadingView.FROM_LEFT, io.saeid.fabloading.LoadingView.FROM_TOP, io.saeid.fabloading.LoadingView.FROM_RIGHT, io.saeid.fabloading.LoadingView.FROM_BOTTOM}" />
    </annotation>
  </item>
  <item name="io.saeid.fabloading.LoadingView.LoadingItem type">
    <annotation name="android.support.annotation.IntDef">
      <val name="value" val="{io.saeid.fabloading.LoadingView.FROM_LEFT, io.saeid.fabloading.LoadingView.FROM_TOP, io.saeid.fabloading.LoadingView.FROM_RIGHT, io.saeid.fabloading.LoadingView.FROM_BOTTOM}" />
    </annotation>
  </item>
</root>

